﻿<?xml version="1.0" encoding="utf-8" ?>
<c2eventsheet>
    <!--All the 'name' attributes are ignored by Construct 2 - they are there for readability only.-->
    <name>Game Play</name>
    <events>
        <include>Enemies</include>
        <include>Projectiles</include>
        <include>Player</include>
        <comment>Destroy the initial star object in the layout.</comment>
        <event-block sid="9513671949002526">
            <conditions>
                <condition id="-2" name="On start of layout" sid="8699167654693498" type="System" />
            </conditions>
            <actions>
                <action id="-9" name="Destroy" sid="700760042524142" type="Star" />
                <action id="-9" name="Destroy" sid="7335391327203321" type="projPodGun" />
                <action id="-9" name="Destroy" sid="6441059800088235" type="invPlayerBullet" />
                <action id="-9" name="Destroy" sid="2995508263188869" type="EnemyBullet" />
                <action id="-9" name="Destroy" sid="8534189440462887" type="EnemyPoddles" />
                <action id="-9" name="Destroy" sid="9062534957115307" type="ShipChassis" />
                <action id="-9" name="Destroy" sid="1825064406114443" type="ShipEngine" />
                <action id="-9" name="Destroy" sid="3013640162267118" type="ShipWingLeft" />
                <action id="-9" name="Destroy" sid="5248391124596613" type="ShipWingRight" />
                <action id="0" name="Set text" sid="3213293275390561" type="txtChassis">
                    <param id="0" name="Text">&quot;Chassis: None&quot;</param>
                </action>
                <action id="0" name="Set text" sid="6523740134575329" type="txtLWing">
                    <param id="0" name="Text">&quot;L Wing: None&quot;</param>
                </action>
                <action id="0" name="Set text" sid="8141313253070024" type="txtRWing">
                    <param id="0" name="Text">&quot;R Wing: None&quot;</param>
                </action>
                <action id="0" name="Set text" sid="2188379118155669" type="txtEngine">
                    <param id="0" name="Text">&quot;Engine: None&quot;</param>
                </action>
                <action id="0" name="Set text" sid="2951151740770031" type="txtScore">
                    <param id="0" name="Text">&quot;Score : &quot; &amp; txtScore.Points</param>
                </action>
                <action id="0" name="Set text" sid="8611105452261034" type="txtEjection">
                    <param id="0" name="Text">&quot;Ejection Fuel: &quot; &amp; Pod.EjectionFuel</param>
                </action>
            </actions>
        </event-block>
        <comment>Create 50 random stars with different speeds and sizes on startup to create a space background effect.  The stars have a wrap behavior which keeps them on-screen.</comment>
        <event-block sid="6025705671193806">
            <conditions>
                <condition id="-2" name="On start of layout" sid="5318477676281649" type="System" />
                <condition id="-12" name="Repeat" sid="726378032458448" type="System">
                    <param id="0" name="Count">50</param>
                </condition>
            </conditions>
            <actions>
                <action id="-3" name="Create object" sid="4047698778440161" type="System">
                    <param id="0" name="Object to create">Star</param>
                    <param id="1" name="Layer">&quot;Background&quot;</param>
                    <param id="2" name="X">random(LayoutWidth)</param>
                    <param id="3" name="Y">random(LayoutHeight)</param>
                </action>
                <action behavior="Bullet" id="0" name="Set speed" sid="2241259203633812" type="Star">
                    <param id="0" name="Speed">random(10, 80)</param>
                </action>
                <action id="9" name="Set scale" sid="464692431671631" type="Star">
                    <param id="0" name="Scale">Self.Bullet.Speed / 250</param>
                </action>
                <action id="-16" name="Set opacity" sid="4759652229348371" type="Star">
                    <param id="0" name="Opacity">Self.Bullet.Speed</param>
                </action>
            </actions>
        </event-block>
        <event-block sid="7754219776410028">
            <conditions />
            <actions />
        </event-block>
        <event-block sid="7546427170726557">
            <conditions>
                <condition id="-24" name="For Each (ordered)" sid="2080363989045848" type="System">
                    <param id="0" name="Object">ShipChassis</param>
                    <param id="1" name="Expression">0</param>
                    <param id="2" name="Order">0</param>
                </condition>
                <condition id="-8" inverted="1" name="Is boolean instance variable set" sid="7702180245381447" type="ShipChassis">
                    <param id="0" name="Instance variable">Owned</param>
                </condition>
            </conditions>
            <actions>
                <action id="-2" name="Set Y" sid="1265784713843953" type="ShipChassis">
                    <param id="0" name="Y">ShipChassis.Y + 3</param>
                </action>
            </actions>
        </event-block>
    </events>
</c2eventsheet>
