﻿<?xml version="1.0" encoding="utf-8" ?>
<c2eventsheet>
    <!--All the 'name' attributes are ignored by Construct 2 - they are there for readability only.-->
    <name>Projectiles</name>
    <events>
        <comment>If the players bullet hits an enemy. Subtract the bullets damage from the enemy. Destroy the enemy if its health is reduced to 0 or less.</comment>
        <event-block sid="1820927571909625">
            <conditions>
                <condition id="0" name="On collision with another object" sid="9312379411131467" type="invPlayerBullet">
                    <param id="0" name="Object">ShipChassis</param>
                </condition>
                <condition id="1" name="Is overlapping another object" sid="9140518644616458" type="ShipChassis">
                    <param id="0" name="Object">EnemyPoddles</param>
                </condition>
            </conditions>
            <actions>
                <action id="-12" name="Subtract from" sid="2390220164557427" type="EnemyPoddles">
                    <param id="0" name="Instance variable">Health</param>
                    <param id="1" name="Value">invPlayerBullet.Damage</param>
                </action>
                <action id="-11" name="Add to" sid="9387089180392831" type="txtScore">
                    <param id="0" name="Instance variable">Points</param>
                    <param id="1" name="Value">EnemyPoddles.Points</param>
                </action>
                <action id="0" name="Set text" sid="7343890851827301" type="txtScore">
                    <param id="0" name="Text">&quot;Score: &quot; &amp; txtScore.Points</param>
                </action>
            </actions>
            <sub-events>
                <event-block sid="1094277179460109">
                    <conditions>
                        <condition id="-14" name="Pick by unique ID" sid="7358262833386961" type="projPodGun">
                            <param id="0" name="Unique ID">invPlayerBullet.ImageID</param>
                        </condition>
                    </conditions>
                    <actions>
                        <action id="-9" name="Destroy" sid="657179727677565" type="projPodGun" />
                    </actions>
                </event-block>
                <event-block sid="8127384959002087">
                    <conditions />
                    <actions>
                        <action id="-9" name="Destroy" sid="4609932600600726" type="invPlayerBullet" />
                    </actions>
                </event-block>
            </sub-events>
        </event-block>
        <comment>Destroy any projectiles which make it to the top of the screen and leave the layout.</comment>
        <event-block sid="4395520013181958">
            <conditions>
                <condition id="-2" name="Compare Y" sid="3434337034910252" type="invPlayerBullet">
                    <param id="0" name="Comparison">3</param>
                    <param id="1" name="Y co-ordinate">0</param>
                </condition>
            </conditions>
            <actions />
            <sub-events>
                <event-block sid="4876708419216756">
                    <conditions>
                        <condition id="-14" name="Pick by unique ID" sid="5165181481148408" type="projPodGun">
                            <param id="0" name="Unique ID">invPlayerBullet.ImageID</param>
                        </condition>
                    </conditions>
                    <actions>
                        <action id="-9" name="Destroy" sid="3016667377837012" type="projPodGun" />
                    </actions>
                </event-block>
                <event-block sid="5736301857591657">
                    <conditions />
                    <actions>
                        <action id="-9" name="Destroy" sid="6463371413516315" type="invPlayerBullet" />
                    </actions>
                </event-block>
            </sub-events>
        </event-block>
        <comment>Make a random enemy shoot every 1 second.</comment>
        <event-block sid="7560005348786936">
            <conditions>
                <condition id="-6" name="Every X seconds" sid="4454215892975729" type="System">
                    <param id="0" name="Interval (seconds)">1.0</param>
                </condition>
                <condition id="-16" name="Pick random instance" sid="558789925301897" type="System">
                    <param id="0" name="Object">EnemyPoddles</param>
                </condition>
            </conditions>
            <actions>
                <action id="0" name="Spawn another object" sid="1447633559406441" type="EnemyPoddles">
                    <param id="0" name="Object">EnemyBullet</param>
                    <param id="1" name="Layer">&quot;Game&quot;</param>
                    <param id="2" name="Image point">1</param>
                </action>
            </actions>
        </event-block>
        <comment>Chassis Collison - Player</comment>
        <event-block sid="3307818359832547">
            <conditions>
                <condition id="-8" name="Is boolean instance variable set" sid="743016922972767" type="Pod">
                    <param id="0" name="Instance variable">BodyAttached</param>
                </condition>
                <condition id="1" name="Is overlapping another object" sid="6210381840759434" type="Pod">
                    <param id="0" name="Object">ShipChassis</param>
                </condition>
            </conditions>
            <actions />
            <sub-events>
                <event-block sid="5135013139073675">
                    <conditions>
                        <condition id="0" name="On collision with another object" sid="873121688385809" type="EnemyBullet">
                            <param id="0" name="Object">ShipChassis</param>
                        </condition>
                    </conditions>
                    <actions>
                        <action id="-9" name="Destroy" sid="8946065014293207" type="EnemyBullet" />
                    </actions>
                    <sub-events>
                        <event-block sid="3235421982500144">
                            <conditions>
                                <condition id="-8" name="Is boolean instance variable set" sid="7705135130603027" type="ShipChassis">
                                    <param id="0" name="Instance variable">LeftWingAttached</param>
                                </condition>
                                <condition id="1" name="Is overlapping another object" sid="1280012018666123" type="ShipChassis">
                                    <param id="0" name="Object">ShipWingLeft</param>
                                </condition>
                            </conditions>
                            <actions>
                                <action id="-9" name="Destroy" sid="2751737338729056" type="ShipWingLeft" />
                            </actions>
                        </event-block>
                        <event-block sid="498770176090361">
                            <conditions>
                                <condition id="-8" name="Is boolean instance variable set" sid="8044873683560296" type="ShipChassis">
                                    <param id="0" name="Instance variable">RightWingAttached</param>
                                </condition>
                                <condition id="1" name="Is overlapping another object" sid="2655851086451024" type="ShipChassis">
                                    <param id="0" name="Object">ShipWingRight</param>
                                </condition>
                            </conditions>
                            <actions>
                                <action id="-9" name="Destroy" sid="9294025951543335" type="ShipWingRight" />
                            </actions>
                        </event-block>
                        <event-block sid="932830668505799">
                            <conditions>
                                <condition id="-8" name="Is boolean instance variable set" sid="7601302674872261" type="ShipChassis">
                                    <param id="0" name="Instance variable">EngineAttach</param>
                                </condition>
                                <condition id="1" name="Is overlapping another object" sid="8147785867597624" type="ShipChassis">
                                    <param id="0" name="Object">ShipEngine</param>
                                </condition>
                            </conditions>
                            <actions>
                                <action id="-9" name="Destroy" sid="527068039766741" type="ShipEngine" />
                            </actions>
                        </event-block>
                        <event-block sid="9300530979353684">
                            <conditions>
                                <condition id="-7" name="Compare instance variable" sid="3553467398093128" type="Pod">
                                    <param id="0" name="Instance variable">EjectionFuel</param>
                                    <param id="1" name="Comparison">4</param>
                                    <param id="2" name="Value">0</param>
                                </condition>
                            </conditions>
                            <actions>
                                <action id="-13" name="Set boolean" sid="144866788378819" type="Pod">
                                    <param id="0" name="Instance variable">BodyAttached</param>
                                    <param id="1" name="Value">0</param>
                                </action>
                                <action id="-9" name="Destroy" sid="7294199671659278" type="ShipChassis" />
                                <action id="0" name="Set text" sid="6449741347679585" type="txtChassis">
                                    <param id="0" name="Text">&quot;Chassis: None&quot;</param>
                                </action>
                                <action id="0" name="Set text" sid="3112254272076289" type="txtLWing">
                                    <param id="0" name="Text">&quot;L Wing: None&quot;</param>
                                </action>
                                <action id="0" name="Set text" sid="4939604392723597" type="txtRWing">
                                    <param id="0" name="Text">&quot;R Wing: None&quot;</param>
                                </action>
                                <action id="0" name="Set text" sid="3942874814409964" type="txtEngine">
                                    <param id="0" name="Text">&quot;Engine: None&quot;</param>
                                </action>
                                <action id="-10" name="Set value" sid="4660740618721038" type="Pod">
                                    <param id="0" name="Instance variable">EjectionFuel</param>
                                    <param id="1" name="Value">Pod.EjectionFuel - 1</param>
                                </action>
                                <action id="0" name="Set text" sid="2339397588245115" type="txtEjection">
                                    <param id="0" name="Text">&quot;Ejection Fuel: &quot; &amp; Pod.EjectionFuel</param>
                                </action>
                            </actions>
                        </event-block>
                        <event-block sid="3126665800497901">
                            <conditions>
                                <condition id="-22" name="Else" sid="2488121051521622" type="System" />
                            </conditions>
                            <actions>
                                <action id="-9" name="Destroy" sid="4747608427661677" type="ShipChassis" />
                                <action id="0" name="Set text" sid="8332136324714776" type="txtChassis">
                                    <param id="0" name="Text">&quot;Chassis: None&quot;</param>
                                </action>
                                <action id="0" name="Set text" sid="4546499555032609" type="txtLWing">
                                    <param id="0" name="Text">&quot;L Wing: None&quot;</param>
                                </action>
                                <action id="0" name="Set text" sid="618373145507226" type="txtRWing">
                                    <param id="0" name="Text">&quot;R Wing: None&quot;</param>
                                </action>
                                <action id="0" name="Set text" sid="9006403517738089" type="txtEngine">
                                    <param id="0" name="Text">&quot;Engine: None&quot;</param>
                                </action>
                                <action id="-9" name="Destroy" sid="7547483608131275" type="Pod" />
                                <action id="-26" name="Restart layout" sid="2865370326595572" type="System" />
                            </actions>
                        </event-block>
                    </sub-events>
                </event-block>
            </sub-events>
        </event-block>
        <event-block sid="198220982648424">
            <conditions>
                <condition id="-8" inverted="1" name="Is boolean instance variable set" sid="8499954840939937" type="Pod">
                    <param id="0" name="Instance variable">BodyAttached</param>
                </condition>
            </conditions>
            <actions />
            <sub-events>
                <event-block sid="1011698954199407">
                    <conditions>
                        <condition id="0" name="On collision with another object" sid="9804006321509316" type="EnemyBullet">
                            <param id="0" name="Object">Pod</param>
                        </condition>
                    </conditions>
                    <actions>
                        <action id="0" name="Set text" sid="5766282776477444" type="txtChassis">
                            <param id="0" name="Text">&quot;Chassis: None&quot;</param>
                        </action>
                        <action id="0" name="Set text" sid="8990018516802638" type="txtLWing">
                            <param id="0" name="Text">&quot;L Wing: None&quot;</param>
                        </action>
                        <action id="0" name="Set text" sid="8534713490418784" type="txtRWing">
                            <param id="0" name="Text">&quot;R Wing: None&quot;</param>
                        </action>
                        <action id="0" name="Set text" sid="8532464506847966" type="txtEngine">
                            <param id="0" name="Text">&quot;Engine: None&quot;</param>
                        </action>
                        <action id="-9" name="Destroy" sid="676288194432561" type="Pod" />
                        <action id="-9" name="Destroy" sid="4916000797511264" type="EnemyBullet" />
                        <action id="-26" name="Restart layout" sid="5120805312095003" type="System" />
                    </actions>
                </event-block>
            </sub-events>
        </event-block>
        <event-block sid="8204742924670338">
            <conditions>
                <condition id="-8" name="Is boolean instance variable set" sid="813663594026709" type="Pod">
                    <param id="0" name="Instance variable">BodyAttached</param>
                </condition>
                <condition id="1" name="Is overlapping another object" sid="5720806995054315" type="Pod">
                    <param id="0" name="Object">ShipChassis</param>
                </condition>
                <condition id="1" name="Is overlapping another object" sid="7306076902692543" type="ShipChassis">
                    <param id="0" name="Object">ShipWingLeft</param>
                </condition>
            </conditions>
            <actions />
            <sub-events>
                <event-block sid="7838963037392425">
                    <conditions>
                        <condition id="0" name="On collision with another object" sid="115655434217917" type="EnemyBullet">
                            <param id="0" name="Object">ShipWingLeft</param>
                        </condition>
                    </conditions>
                    <actions>
                        <action id="-9" name="Destroy" sid="4937406783441592" type="EnemyBullet" />
                        <action id="-9" name="Destroy" sid="913379469758971" type="ShipWingLeft" />
                        <action id="-13" name="Set boolean" sid="2524659652883882" type="ShipChassis">
                            <param id="0" name="Instance variable">LeftWingAttached</param>
                            <param id="1" name="Value">0</param>
                        </action>
                        <action id="0" name="Set text" sid="9442250078548079" type="txtLWing">
                            <param id="0" name="Text">&quot;L Wing: None&quot;</param>
                        </action>
                    </actions>
                    <sub-events>
                        <event-block sid="957309476328752">
                            <conditions />
                            <actions />
                        </event-block>
                    </sub-events>
                </event-block>
            </sub-events>
        </event-block>
        <event-block sid="2768797702672919">
            <conditions>
                <condition id="-8" name="Is boolean instance variable set" sid="7916385690059961" type="Pod">
                    <param id="0" name="Instance variable">BodyAttached</param>
                </condition>
                <condition id="1" name="Is overlapping another object" sid="331468733058953" type="Pod">
                    <param id="0" name="Object">ShipChassis</param>
                </condition>
                <condition id="1" name="Is overlapping another object" sid="839359607183707" type="ShipChassis">
                    <param id="0" name="Object">ShipWingRight</param>
                </condition>
            </conditions>
            <actions />
            <sub-events>
                <event-block sid="3547629276385978">
                    <conditions>
                        <condition id="0" name="On collision with another object" sid="4079634740576972" type="EnemyBullet">
                            <param id="0" name="Object">ShipWingRight</param>
                        </condition>
                    </conditions>
                    <actions>
                        <action id="-9" name="Destroy" sid="6991012174363354" type="EnemyBullet" />
                        <action id="-9" name="Destroy" sid="5717800678985562" type="ShipWingRight" />
                        <action id="-13" name="Set boolean" sid="3022698931512591" type="ShipChassis">
                            <param id="0" name="Instance variable">RightWingAttached</param>
                            <param id="1" name="Value">0</param>
                        </action>
                        <action id="0" name="Set text" sid="6532735529380939" type="txtRWing">
                            <param id="0" name="Text">&quot;R Wing: None&quot;</param>
                        </action>
                    </actions>
                    <sub-events>
                        <event-block sid="3677130310635786">
                            <conditions />
                            <actions />
                        </event-block>
                    </sub-events>
                </event-block>
            </sub-events>
        </event-block>
    </events>
</c2eventsheet>
