﻿<?xml version="1.0" encoding="utf-8" ?>
<c2eventsheet>
    <!--All the 'name' attributes are ignored by Construct 2 - they are there for readability only.-->
    <name>Enemies</name>
    <events>
        <variable constant="0" name="GlobalRandom" sid="1963755456753798" static="0" type="number">0</variable>
        <event-block sid="6839435448715194">
            <conditions>
                <condition id="-6" name="Every X seconds" sid="2743539206965232" type="System">
                    <param id="0" name="Interval (seconds)">0.3</param>
                </condition>
            </conditions>
            <actions>
                <action id="-9" name="Set value" sid="3856621913933015" type="System">
                    <param id="0" name="Variable">GlobalRandom</param>
                    <param id="1" name="Value">int(random(0, 2))</param>
                </action>
            </actions>
            <sub-events>
                <event-block sid="5362777702257471">
                    <conditions>
                        <condition id="-14" name="Compare variable" sid="1321832982076096" type="System">
                            <param id="0" name="Variable">GlobalRandom</param>
                            <param id="1" name="Comparison">0</param>
                            <param id="2" name="Value">0</param>
                        </condition>
                    </conditions>
                    <actions>
                        <action id="-3" name="Create object" sid="7721884797288361" type="System">
                            <param id="0" name="Object to create">EnemyPod</param>
                            <param id="1" name="Layer">&quot;Game&quot;</param>
                            <param id="2" name="X">random(5, 475)</param>
                            <param id="3" name="Y">-5</param>
                        </action>
                        <action id="0" name="Spawn another object" sid="6284708437358247" type="EnemyPod">
                            <param id="0" name="Object">RaiderChassis</param>
                            <param id="1" name="Layer">&quot;Game&quot;</param>
                            <param id="2" name="Image point">&quot;AttChassis&quot;</param>
                        </action>
                        <action id="-10" name="Set value" sid="8541545131471324" type="EnemyPod">
                            <param id="0" name="Instance variable">ChassisID</param>
                            <param id="1" name="Value">RaiderChassis.UID</param>
                        </action>
                        <action behavior="Pin" id="0" name="Pin to object" sid="439058810174546" type="RaiderChassis">
                            <param id="0" name="Pin to">EnemyPod</param>
                            <param id="1" name="Mode">0</param>
                        </action>
                        <action id="0" name="Spawn another object" sid="218544018937741" type="RaiderChassis">
                            <param id="0" name="Object">RaiderLeftWing</param>
                            <param id="1" name="Layer">&quot;Game&quot;</param>
                            <param id="2" name="Image point">&quot;AttLeft&quot;</param>
                        </action>
                        <action id="-10" name="Set value" sid="9410274232803029" type="EnemyPod">
                            <param id="0" name="Instance variable">LWingID</param>
                            <param id="1" name="Value">RaiderLeftWing.UID</param>
                        </action>
                        <action behavior="Pin" id="0" name="Pin to object" sid="8674931611973277" type="RaiderLeftWing">
                            <param id="0" name="Pin to">EnemyPod</param>
                            <param id="1" name="Mode">0</param>
                        </action>
                        <action id="0" name="Spawn another object" sid="9369683374592877" type="RaiderChassis">
                            <param id="0" name="Object">RaiderRightWing</param>
                            <param id="1" name="Layer">&quot;Game&quot;</param>
                            <param id="2" name="Image point">&quot;AttRight&quot;</param>
                        </action>
                        <action id="-10" name="Set value" sid="9398481807505226" type="EnemyPod">
                            <param id="0" name="Instance variable">RWingID</param>
                            <param id="1" name="Value">RaiderRightWing.UID</param>
                        </action>
                        <action behavior="Pin" id="0" name="Pin to object" sid="7568375702503611" type="RaiderRightWing">
                            <param id="0" name="Pin to">EnemyPod</param>
                            <param id="1" name="Mode">0</param>
                        </action>
                        <action id="0" name="Spawn another object" sid="4855312964180674" type="RaiderChassis">
                            <param id="0" name="Object">RaiderEngine</param>
                            <param id="1" name="Layer">&quot;Game&quot;</param>
                            <param id="2" name="Image point">&quot;AttEngine&quot;</param>
                        </action>
                        <action id="-10" name="Set value" sid="3956926178583928" type="EnemyPod">
                            <param id="0" name="Instance variable">EngineID</param>
                            <param id="1" name="Value">RaiderEngine.UID</param>
                        </action>
                        <action behavior="Pin" id="0" name="Pin to object" sid="2318204985652005" type="RaiderEngine">
                            <param id="0" name="Pin to">EnemyPod</param>
                            <param id="1" name="Mode">0</param>
                        </action>
                    </actions>
                </event-block>
                <event-block sid="2432821196967839">
                    <conditions>
                        <condition id="-14" name="Compare variable" sid="5524699605314099" type="System">
                            <param id="0" name="Variable">GlobalRandom</param>
                            <param id="1" name="Comparison">0</param>
                            <param id="2" name="Value">1</param>
                        </condition>
                    </conditions>
                    <actions>
                        <action id="-3" name="Create object" sid="8003739186740118" type="System">
                            <param id="0" name="Object to create">EnemyPod</param>
                            <param id="1" name="Layer">&quot;Game&quot;</param>
                            <param id="2" name="X">random(5, 475)</param>
                            <param id="3" name="Y">-5</param>
                        </action>
                        <action id="0" name="Spawn another object" sid="9094365831196387" type="EnemyPod">
                            <param id="0" name="Object">KodiakChassis</param>
                            <param id="1" name="Layer">&quot;Game&quot;</param>
                            <param id="2" name="Image point">&quot;AttChassis&quot;</param>
                        </action>
                        <action id="-10" name="Set value" sid="262556820310186" type="EnemyPod">
                            <param id="0" name="Instance variable">ChassisID</param>
                            <param id="1" name="Value">KodiakChassis.UID</param>
                        </action>
                        <action behavior="Pin" id="0" name="Pin to object" sid="9821172607435423" type="KodiakChassis">
                            <param id="0" name="Pin to">EnemyPod</param>
                            <param id="1" name="Mode">0</param>
                        </action>
                        <action id="0" name="Spawn another object" sid="7018039085494027" type="KodiakChassis">
                            <param id="0" name="Object">KodiakLeftWing</param>
                            <param id="1" name="Layer">&quot;Game&quot;</param>
                            <param id="2" name="Image point">&quot;AttLeft&quot;</param>
                        </action>
                        <action id="-10" name="Set value" sid="7375613334150115" type="EnemyPod">
                            <param id="0" name="Instance variable">LWingID</param>
                            <param id="1" name="Value">KodiakLeftWing.UID</param>
                        </action>
                        <action behavior="Pin" id="0" name="Pin to object" sid="4630190661637858" type="KodiakLeftWing">
                            <param id="0" name="Pin to">EnemyPod</param>
                            <param id="1" name="Mode">0</param>
                        </action>
                        <action id="0" name="Spawn another object" sid="6064505990723628" type="KodiakChassis">
                            <param id="0" name="Object">KodiakRightWing</param>
                            <param id="1" name="Layer">&quot;Game&quot;</param>
                            <param id="2" name="Image point">&quot;AttRight&quot;</param>
                        </action>
                        <action id="-10" name="Set value" sid="4342520959798408" type="EnemyPod">
                            <param id="0" name="Instance variable">RWingID</param>
                            <param id="1" name="Value">KodiakRightWing.UID</param>
                        </action>
                        <action behavior="Pin" id="0" name="Pin to object" sid="4775841719372253" type="KodiakRightWing">
                            <param id="0" name="Pin to">EnemyPod</param>
                            <param id="1" name="Mode">0</param>
                        </action>
                        <action id="0" name="Spawn another object" sid="7377901718846992" type="KodiakChassis">
                            <param id="0" name="Object">kodiakEngine</param>
                            <param id="1" name="Layer">&quot;Game&quot;</param>
                            <param id="2" name="Image point">&quot;AttEngine&quot;</param>
                        </action>
                        <action id="-10" name="Set value" sid="6811703792543068" type="EnemyPod">
                            <param id="0" name="Instance variable">EngineID</param>
                            <param id="1" name="Value">kodiakEngine.UID</param>
                        </action>
                        <action behavior="Pin" id="0" name="Pin to object" sid="8737958366741267" type="kodiakEngine">
                            <param id="0" name="Pin to">EnemyPod</param>
                            <param id="1" name="Mode">0</param>
                        </action>
                    </actions>
                </event-block>
            </sub-events>
        </event-block>
        <event-block sid="3602724570556804">
            <conditions>
                <condition id="0" name="On collision with another object" sid="5898518548413114" type="famChassis">
                    <param id="0" name="Object">famProjectiles</param>
                </condition>
                <condition id="-8" name="Is boolean instance variable set" sid="6420114319344628" type="famChassis">
                    <param id="0" name="Instance variable">Enemy</param>
                </condition>
            </conditions>
            <actions />
            <sub-events>
                <event-block sid="7133226285189458">
                    <conditions>
                        <condition id="-33" name="Pick by comparison" sid="4613053524113391" type="System">
                            <param id="0" name="Object">EnemyPod</param>
                            <param id="1" name="Expression">EnemyPod.ChassisID</param>
                            <param id="2" name="Comparison">0</param>
                            <param id="3" name="Value">famChassis.UID</param>
                        </condition>
                    </conditions>
                    <actions>
                        <action id="-12" name="Subtract from" sid="3643974626345038" type="EnemyPod">
                            <param id="0" name="Instance variable">Health</param>
                            <param id="1" name="Value">famProjectiles.Damage</param>
                        </action>
                        <action id="-9" name="Destroy" sid="9768727204831048" type="famProjectiles" />
                    </actions>
                </event-block>
            </sub-events>
        </event-block>
        <event-block any="1" sid="3566579826723206">
            <conditions>
                <condition id="-2" name="Compare Y" sid="4123618395757325" type="EnemyPod">
                    <param id="0" name="Comparison">5</param>
                    <param id="1" name="Y co-ordinate">LayoutHeight</param>
                </condition>
            </conditions>
            <actions />
            <sub-events>
                <event-block sid="4655098077942492">
                    <conditions>
                        <condition id="-33" name="Pick by comparison" sid="4611604419282344" type="System">
                            <param id="0" name="Object">famChassis</param>
                            <param id="1" name="Expression">famChassis.UID</param>
                            <param id="2" name="Comparison">0</param>
                            <param id="3" name="Value">EnemyPod.ChassisID</param>
                        </condition>
                    </conditions>
                    <actions>
                        <action id="-9" name="Destroy" sid="7779693107614702" type="famChassis" />
                    </actions>
                </event-block>
                <event-block sid="8947722577367812">
                    <conditions>
                        <condition id="-33" name="Pick by comparison" sid="8150141999543566" type="System">
                            <param id="0" name="Object">famLeftWing</param>
                            <param id="1" name="Expression">famLeftWing.UID</param>
                            <param id="2" name="Comparison">0</param>
                            <param id="3" name="Value">EnemyPod.LWingID</param>
                        </condition>
                    </conditions>
                    <actions>
                        <action id="-9" name="Destroy" sid="6460770167422525" type="famLeftWing" />
                    </actions>
                </event-block>
                <event-block sid="6364087390702601">
                    <conditions>
                        <condition id="-33" name="Pick by comparison" sid="4514833989669828" type="System">
                            <param id="0" name="Object">famRightWing</param>
                            <param id="1" name="Expression">famRightWing.UID</param>
                            <param id="2" name="Comparison">0</param>
                            <param id="3" name="Value">EnemyPod.RWingID</param>
                        </condition>
                    </conditions>
                    <actions>
                        <action id="-9" name="Destroy" sid="216371371330422" type="famRightWing" />
                    </actions>
                </event-block>
                <event-block sid="3039205792396831">
                    <conditions>
                        <condition id="-33" name="Pick by comparison" sid="9902613866696709" type="System">
                            <param id="0" name="Object">famEngine</param>
                            <param id="1" name="Expression">famEngine.UID</param>
                            <param id="2" name="Comparison">0</param>
                            <param id="3" name="Value">EnemyPod.EngineID</param>
                        </condition>
                    </conditions>
                    <actions>
                        <action id="-9" name="Destroy" sid="9653892673363289" type="famEngine" />
                    </actions>
                </event-block>
                <event-block sid="2632561326442046">
                    <conditions />
                    <actions>
                        <action id="-9" name="Destroy" sid="4711659592022221" type="EnemyPod" />
                    </actions>
                </event-block>
            </sub-events>
        </event-block>
        <event-block sid="1906582305542645">
            <conditions>
                <condition id="-7" name="Compare instance variable" sid="5383329714360588" type="EnemyPod">
                    <param id="0" name="Instance variable">Health</param>
                    <param id="1" name="Comparison">3</param>
                    <param id="2" name="Value">0</param>
                </condition>
            </conditions>
            <actions>
                <action id="-9" name="Set value" sid="7524364794717148" type="System">
                    <param id="0" name="Variable">GlobalRandom</param>
                    <param id="1" name="Value">int(random(0, 10))</param>
                </action>
            </actions>
            <sub-events>
                <event-block sid="2463571250139183">
                    <conditions>
                        <condition id="-33" name="Pick by comparison" sid="1617886924780104" type="System">
                            <param id="0" name="Object">famChassis</param>
                            <param id="1" name="Expression">famChassis.UID</param>
                            <param id="2" name="Comparison">0</param>
                            <param id="3" name="Value">EnemyPod.ChassisID</param>
                        </condition>
                    </conditions>
                    <actions />
                    <sub-events>
                        <event-block sid="6744763147857659">
                            <conditions>
                                <condition id="-14" name="Compare variable" sid="4893025932623252" type="System">
                                    <param id="0" name="Variable">GlobalRandom</param>
                                    <param id="1" name="Comparison">2</param>
                                    <param id="2" name="Value">4</param>
                                </condition>
                            </conditions>
                            <actions>
                                <action id="-13" name="Set boolean" sid="5086049318361675" type="famChassis">
                                    <param id="0" name="Instance variable">Enemy</param>
                                    <param id="1" name="Value">0</param>
                                </action>
                                <action id="-18" name="Rotate clockwise" sid="6476848831424464" type="famChassis">
                                    <param id="0" name="Degrees">180</param>
                                </action>
                            </actions>
                        </event-block>
                        <event-block sid="6358731801786438">
                            <conditions>
                                <condition id="-22" name="Else" sid="3417429496681459" type="System" />
                            </conditions>
                            <actions>
                                <action id="-9" name="Destroy" sid="1479005150548539" type="famChassis" />
                            </actions>
                        </event-block>
                    </sub-events>
                </event-block>
                <event-block sid="1794124512789088">
                    <conditions>
                        <condition id="-33" name="Pick by comparison" sid="4636712539873446" type="System">
                            <param id="0" name="Object">famLeftWing</param>
                            <param id="1" name="Expression">famLeftWing.UID</param>
                            <param id="2" name="Comparison">0</param>
                            <param id="3" name="Value">EnemyPod.LWingID</param>
                        </condition>
                    </conditions>
                    <actions />
                    <sub-events>
                        <event-block sid="2405919657511982">
                            <conditions>
                                <condition id="-14" name="Compare variable" sid="2027318139615193" type="System">
                                    <param id="0" name="Variable">GlobalRandom</param>
                                    <param id="1" name="Comparison">2</param>
                                    <param id="2" name="Value">6</param>
                                </condition>
                                <condition id="-14" name="Compare variable" sid="2841357961148345" type="System">
                                    <param id="0" name="Variable">GlobalRandom</param>
                                    <param id="1" name="Comparison">5</param>
                                    <param id="2" name="Value">4</param>
                                </condition>
                            </conditions>
                            <actions>
                                <action id="-13" name="Set boolean" sid="3317534885568215" type="famLeftWing">
                                    <param id="0" name="Instance variable">Enemy</param>
                                    <param id="1" name="Value">0</param>
                                </action>
                                <action id="-18" name="Rotate clockwise" sid="1391520844240815" type="famLeftWing">
                                    <param id="0" name="Degrees">180</param>
                                </action>
                            </actions>
                        </event-block>
                        <event-block sid="1652621430344098">
                            <conditions>
                                <condition id="-22" name="Else" sid="5860774205558687" type="System" />
                            </conditions>
                            <actions>
                                <action id="-9" name="Destroy" sid="8472887418928236" type="famLeftWing" />
                            </actions>
                        </event-block>
                    </sub-events>
                </event-block>
                <event-block sid="9585716600595352">
                    <conditions>
                        <condition id="-33" name="Pick by comparison" sid="9454072199312354" type="System">
                            <param id="0" name="Object">famEngine</param>
                            <param id="1" name="Expression">famEngine.UID</param>
                            <param id="2" name="Comparison">0</param>
                            <param id="3" name="Value">EnemyPod.EngineID</param>
                        </condition>
                    </conditions>
                    <actions />
                    <sub-events>
                        <event-block sid="4958270652032189">
                            <conditions>
                                <condition id="-14" name="Compare variable" sid="5206079429818837" type="System">
                                    <param id="0" name="Variable">GlobalRandom</param>
                                    <param id="1" name="Comparison">2</param>
                                    <param id="2" name="Value">8</param>
                                </condition>
                                <condition id="-14" name="Compare variable" sid="7164832533384691" type="System">
                                    <param id="0" name="Variable">GlobalRandom</param>
                                    <param id="1" name="Comparison">5</param>
                                    <param id="2" name="Value">6</param>
                                </condition>
                            </conditions>
                            <actions>
                                <action id="-13" name="Set boolean" sid="4118695450068423" type="famEngine">
                                    <param id="0" name="Instance variable">Enemy</param>
                                    <param id="1" name="Value">0</param>
                                </action>
                                <action id="-18" name="Rotate clockwise" sid="9936996423042626" type="famEngine">
                                    <param id="0" name="Degrees">180</param>
                                </action>
                            </actions>
                        </event-block>
                        <event-block sid="6382231354994885">
                            <conditions>
                                <condition id="-22" name="Else" sid="3362786856067517" type="System" />
                            </conditions>
                            <actions>
                                <action id="-9" name="Destroy" sid="2133990051963258" type="famEngine" />
                            </actions>
                        </event-block>
                    </sub-events>
                </event-block>
                <event-block sid="1494146898041068">
                    <conditions>
                        <condition id="-33" name="Pick by comparison" sid="779664122249071" type="System">
                            <param id="0" name="Object">famRightWing</param>
                            <param id="1" name="Expression">famRightWing.UID</param>
                            <param id="2" name="Comparison">0</param>
                            <param id="3" name="Value">EnemyPod.RWingID</param>
                        </condition>
                    </conditions>
                    <actions />
                    <sub-events>
                        <event-block sid="621403138496388">
                            <conditions>
                                <condition id="-14" name="Compare variable" sid="3394007483655104" type="System">
                                    <param id="0" name="Variable">GlobalRandom</param>
                                    <param id="1" name="Comparison">2</param>
                                    <param id="2" name="Value">10</param>
                                </condition>
                                <condition id="-14" name="Compare variable" sid="3289403536035583" type="System">
                                    <param id="0" name="Variable">GlobalRandom</param>
                                    <param id="1" name="Comparison">5</param>
                                    <param id="2" name="Value">8</param>
                                </condition>
                            </conditions>
                            <actions>
                                <action id="-13" name="Set boolean" sid="8334782231500137" type="famRightWing">
                                    <param id="0" name="Instance variable">Enemy</param>
                                    <param id="1" name="Value">0</param>
                                </action>
                                <action id="-18" name="Rotate clockwise" sid="1004126486358126" type="famRightWing">
                                    <param id="0" name="Degrees">180</param>
                                </action>
                            </actions>
                        </event-block>
                        <event-block sid="7180270924585449">
                            <conditions>
                                <condition id="-22" name="Else" sid="4665176881812226" type="System" />
                            </conditions>
                            <actions>
                                <action id="-9" name="Destroy" sid="5398988086817531" type="famRightWing" />
                            </actions>
                        </event-block>
                    </sub-events>
                </event-block>
                <event-block sid="3683189921888637">
                    <conditions />
                    <actions>
                        <action id="-9" name="Destroy" sid="8205078437847342" type="EnemyPod" />
                    </actions>
                </event-block>
            </sub-events>
        </event-block>
    </events>
</c2eventsheet>
