﻿<?xml version="1.0" encoding="utf-8" ?>
<c2uistate>
    <!--This is a UI state file - its content describes the user interface settings when the project was last open.
It is entirely optional and the project will load without it.  If you are placing the project under source control,
you probably do not want to add any .uistate.xml files to the repository.-->
    <configurations>
        <active>
            <configuration name="HTML5" />
        </active>
        <display name="HTML5" />
    </configurations>
    <open-tabs>
        <layout order="0">Game Level</layout>
        <event-sheet active="1" order="1">Enemies</event-sheet>
        <event-sheet order="2">Player</event-sheet>
        <event-sheet order="3">Game Play</event-sheet>
        <event-sheet order="4">Projectiles</event-sheet>
    </open-tabs>
    <properties>
        <property expanded="1" name="About" />
        <property expanded="1" name="Project settings" />
        <property expanded="0" name="Window Size" />
        <property expanded="1" name="Configuration Settings" />
    </properties>
    <families-expanded root="1" />
    <folders-expanded>
        <folder expanded="1" path="object-folder/" />
        <folder expanded="1" path="object-folder/Ship Parts/" />
        <folder expanded="1" path="object-folder/Projectiles/" />
        <folder expanded="1" path="object-folder/Background/" />
        <folder expanded="1" path="object-folder/UI/" />
        <folder expanded="1" path="layout-folder/" />
        <folder expanded="1" path="event-folder/" />
        <folder expanded="1" path="file-folder/" />
        <folder expanded="1" path="sound-folder/" />
        <folder expanded="1" path="music-folder/" />
        <folder expanded="1" path="file-folder/Icons/" />
        <folder expanded="1" path="animation-folder/ShipChassis/" />
        <folder expanded="1" path="animation-folder/ShipEngine/" />
        <folder expanded="1" path="animation-folder/ShipWingLeft/" />
        <folder expanded="1" path="animation-folder/Pod/" />
        <folder expanded="1" path="animation-folder/ShipWingRight/" />
        <folder expanded="1" path="animation-folder/EnemyPoddles/" />
        <folder expanded="1" path="animation-folder/invPlayerBullet/" />
        <folder expanded="1" path="animation-folder/EnemyBullet/" />
        <folder expanded="1" path="animation-folder/projPodGun/" />
        <folder expanded="1" path="animation-folder/Star/" />
    </folders-expanded>
</c2uistate>
