﻿<?xml version="1.0" encoding="utf-8" ?>
<c2eventsheet>
    <!--All the 'name' attributes are ignored by Construct 2 - they are there for readability only.-->
    <name>Game Play</name>
    <events>
        <include>Enemies</include>
        <include>Projectiles</include>
        <include>Player</include>
        <comment>Destroy the initial star object in the layout.</comment>
        <event-block sid="9513671949002526">
            <conditions>
                <condition id="-2" name="On start of layout" sid="8699167654693498" type="System" />
            </conditions>
            <actions>
                <action id="-9" name="Destroy" sid="700760042524142" type="Star" />
                <action id="-9" name="Destroy" sid="8534189440462887" type="EnemyPod" />
                <action id="0" name="Set text" sid="3213293275390561" type="txtChassis">
                    <param id="0" name="Text">&quot;Chassis: None&quot;</param>
                </action>
                <action id="0" name="Set text" sid="6523740134575329" type="txtLWing">
                    <param id="0" name="Text">&quot;L Wing: None&quot;</param>
                </action>
                <action id="0" name="Set text" sid="8141313253070024" type="txtRWing">
                    <param id="0" name="Text">&quot;R Wing: None&quot;</param>
                </action>
                <action id="0" name="Set text" sid="2188379118155669" type="txtEngine">
                    <param id="0" name="Text">&quot;Engine: None&quot;</param>
                </action>
                <action id="0" name="Set text" sid="2951151740770031" type="txtScore">
                    <param id="0" name="Text">&quot;Score : &quot; &amp; txtScore.Points</param>
                </action>
                <action id="-9" name="Destroy" sid="1808910720285639" type="famChassis" />
                <action id="-9" name="Destroy" sid="3710673736306603" type="famEngine" />
                <action id="-9" name="Destroy" sid="6546126919676535" type="famLeftWing" />
                <action id="-9" name="Destroy" sid="2764380465431259" type="famRightWing" />
                <action id="-9" name="Destroy" sid="2628634220534905" type="famProjectiles" />
            </actions>
        </event-block>
        <comment>Create 50 random stars with different speeds and sizes on startup to create a space background effect.  The stars have a wrap behavior which keeps them on-screen.</comment>
        <event-block sid="6025705671193806">
            <conditions>
                <condition id="-2" name="On start of layout" sid="5318477676281649" type="System" />
                <condition id="-12" name="Repeat" sid="726378032458448" type="System">
                    <param id="0" name="Count">50</param>
                </condition>
            </conditions>
            <actions>
                <action id="-3" name="Create object" sid="4047698778440161" type="System">
                    <param id="0" name="Object to create">Star</param>
                    <param id="1" name="Layer">&quot;Background&quot;</param>
                    <param id="2" name="X">random(LayoutWidth)</param>
                    <param id="3" name="Y">random(LayoutHeight)</param>
                </action>
                <action behavior="Bullet" id="0" name="Set speed" sid="2241259203633812" type="Star">
                    <param id="0" name="Speed">random(10, 80)</param>
                </action>
                <action id="9" name="Set scale" sid="464692431671631" type="Star">
                    <param id="0" name="Scale">Self.Bullet.Speed / 250</param>
                </action>
                <action id="-16" name="Set opacity" sid="4759652229348371" type="Star">
                    <param id="0" name="Opacity">Self.Bullet.Speed</param>
                </action>
            </actions>
        </event-block>
        <event-block sid="7503451828830766">
            <conditions>
                <condition id="-11" name="For Each" sid="2365488695166253" type="System">
                    <param id="0" name="Object">famChassis</param>
                </condition>
            </conditions>
            <actions />
            <sub-events>
                <event-block sid="2191549865548142">
                    <conditions>
                        <condition id="-2" name="Compare Y" sid="813479175599984" type="famChassis">
                            <param id="0" name="Comparison">5</param>
                            <param id="1" name="Y co-ordinate">LayoutHeight</param>
                        </condition>
                    </conditions>
                    <actions>
                        <action id="-9" name="Destroy" sid="9840201076274253" type="famChassis" />
                    </actions>
                </event-block>
                <event-block sid="4466830786725693">
                    <conditions>
                        <condition id="-8" inverted="1" name="Is boolean instance variable set" sid="9645139713311311" type="famChassis">
                            <param id="0" name="Instance variable">Enemy</param>
                        </condition>
                        <condition id="-8" inverted="1" name="Is boolean instance variable set" sid="3760930879696471" type="famChassis">
                            <param id="0" name="Instance variable">Player</param>
                        </condition>
                    </conditions>
                    <actions>
                        <action id="-2" name="Set Y" sid="7060651415258252" type="famChassis">
                            <param id="0" name="Y">famChassis.Y + 4</param>
                        </action>
                    </actions>
                </event-block>
            </sub-events>
        </event-block>
        <event-block sid="1402908763236067">
            <conditions>
                <condition id="-11" name="For Each" sid="2833034935777941" type="System">
                    <param id="0" name="Object">famEngine</param>
                </condition>
            </conditions>
            <actions />
            <sub-events>
                <event-block sid="6621254645266996">
                    <conditions>
                        <condition id="-2" name="Compare Y" sid="738035050696153" type="famEngine">
                            <param id="0" name="Comparison">5</param>
                            <param id="1" name="Y co-ordinate">LayoutHeight</param>
                        </condition>
                    </conditions>
                    <actions>
                        <action id="-9" name="Destroy" sid="7682935156470921" type="famEngine" />
                    </actions>
                </event-block>
                <event-block sid="4247575709351284">
                    <conditions>
                        <condition id="-8" inverted="1" name="Is boolean instance variable set" sid="7482916841359674" type="famEngine">
                            <param id="0" name="Instance variable">Enemy</param>
                        </condition>
                        <condition id="-8" inverted="1" name="Is boolean instance variable set" sid="8779241608458822" type="famChassis">
                            <param id="0" name="Instance variable">Player</param>
                        </condition>
                    </conditions>
                    <actions>
                        <action id="-2" name="Set Y" sid="2045535844246324" type="famEngine">
                            <param id="0" name="Y">famEngine.Y + 4</param>
                        </action>
                    </actions>
                </event-block>
            </sub-events>
        </event-block>
        <event-block sid="6712909436365803">
            <conditions>
                <condition id="-11" name="For Each" sid="2372866000998035" type="System">
                    <param id="0" name="Object">famLeftWing</param>
                </condition>
            </conditions>
            <actions />
            <sub-events>
                <event-block sid="8188530005288695">
                    <conditions>
                        <condition id="-2" name="Compare Y" sid="5428964139350206" type="famLeftWing">
                            <param id="0" name="Comparison">5</param>
                            <param id="1" name="Y co-ordinate">LayoutHeight</param>
                        </condition>
                    </conditions>
                    <actions>
                        <action id="-9" name="Destroy" sid="5330099557185202" type="famLeftWing" />
                    </actions>
                </event-block>
                <event-block sid="1702038234068522">
                    <conditions>
                        <condition id="-8" inverted="1" name="Is boolean instance variable set" sid="8442776351602148" type="famLeftWing">
                            <param id="0" name="Instance variable">Enemy</param>
                        </condition>
                        <condition id="-8" inverted="1" name="Is boolean instance variable set" sid="7786103112662708" type="famChassis">
                            <param id="0" name="Instance variable">Player</param>
                        </condition>
                    </conditions>
                    <actions>
                        <action id="-2" name="Set Y" sid="6838516500986819" type="famLeftWing">
                            <param id="0" name="Y">famLeftWing.Y + 4</param>
                        </action>
                    </actions>
                </event-block>
            </sub-events>
        </event-block>
        <event-block sid="3113567953695163">
            <conditions>
                <condition id="-11" name="For Each" sid="2215196574994035" type="System">
                    <param id="0" name="Object">famRightWing</param>
                </condition>
            </conditions>
            <actions />
            <sub-events>
                <event-block sid="2457122939511735">
                    <conditions>
                        <condition id="-2" name="Compare Y" sid="5219130454138267" type="famRightWing">
                            <param id="0" name="Comparison">5</param>
                            <param id="1" name="Y co-ordinate">LayoutHeight</param>
                        </condition>
                    </conditions>
                    <actions>
                        <action id="-9" name="Destroy" sid="39986470272297" type="famRightWing" />
                    </actions>
                </event-block>
                <event-block sid="2328038316915009">
                    <conditions>
                        <condition id="-8" inverted="1" name="Is boolean instance variable set" sid="7453494662904663" type="famRightWing">
                            <param id="0" name="Instance variable">Enemy</param>
                        </condition>
                        <condition id="-8" inverted="1" name="Is boolean instance variable set" sid="1369459692264772" type="famChassis">
                            <param id="0" name="Instance variable">Player</param>
                        </condition>
                    </conditions>
                    <actions>
                        <action id="-2" name="Set Y" sid="8367163093919823" type="famRightWing">
                            <param id="0" name="Y">famRightWing.Y + 4</param>
                        </action>
                    </actions>
                </event-block>
            </sub-events>
        </event-block>
        <comment>Destroy any projectiles which make it to the top of the screen and leave the layout.</comment>
        <event-block sid="8658132765753841">
            <conditions>
                <condition id="-4" name="Is outside layout" sid="1550378791292569" type="famProjectiles" />
            </conditions>
            <actions>
                <action id="-9" name="Destroy" sid="7800526589610235" type="famProjectiles" />
            </actions>
        </event-block>
    </events>
</c2eventsheet>
