﻿<?xml version="1.0" encoding="utf-8" ?>
<c2eventsheet>
    <!--All the 'name' attributes are ignored by Construct 2 - they are there for readability only.-->
    <name>Player</name>
    <events>
        <comment>Controls</comment>
        <event-block sid="8415617823553676">
            <conditions>
                <condition id="2" name="Key is down" sid="3501318286428723" type="Keyboard">
                    <param id="0" name="Key">37 (Left arrow)</param>
                </condition>
            </conditions>
            <actions>
                <action id="-1" name="Set X" sid="6182213592447696" type="Pod">
                    <param id="0" name="X">Pod.X - 3</param>
                </action>
            </actions>
        </event-block>
        <event-block sid="7538907242331912">
            <conditions>
                <condition id="2" name="Key is down" sid="8318420373530278" type="Keyboard">
                    <param id="0" name="Key">39 (Right arrow)</param>
                </condition>
            </conditions>
            <actions>
                <action id="-1" name="Set X" sid="4371314542676398" type="Pod">
                    <param id="0" name="X">Pod.X + 3</param>
                </action>
            </actions>
        </event-block>
        <event-block sid="376138049201262">
            <conditions>
                <condition id="2" name="Key is down" sid="3445675234422369" type="Keyboard">
                    <param id="0" name="Key">88 (X)</param>
                </condition>
                <condition id="-6" name="Every X seconds" sid="3595237921457041" type="System">
                    <param id="0" name="Interval (seconds)">0.1</param>
                </condition>
            </conditions>
            <actions>
                <action id="0" name="Spawn another object" sid="1668650980717814" type="Pod">
                    <param id="0" name="Object">projPodGun</param>
                    <param id="1" name="Layer">&quot;Game&quot;</param>
                    <param id="2" name="Image point">&quot;Fire&quot;</param>
                </action>
            </actions>
        </event-block>
        <comment>Chassis</comment>
        <event-block sid="5932395725137406">
            <conditions>
                <condition id="1" name="Is overlapping another object" sid="1882961420017595" type="Pod">
                    <param id="0" name="Object">famChassis</param>
                </condition>
                <condition id="-7" name="Compare instance variable" sid="3847146346202577" type="Pod">
                    <param id="0" name="Instance variable">ChassisID</param>
                    <param id="1" name="Comparison">0</param>
                    <param id="2" name="Value">0</param>
                </condition>
                <condition id="-8" inverted="1" name="Is boolean instance variable set" sid="1544787990898731" type="famChassis">
                    <param id="0" name="Instance variable">Enemy</param>
                </condition>
            </conditions>
            <actions>
                <action id="-4" name="Set position to another object" sid="8506483608022172" type="famChassis">
                    <param id="0" name="Object">Pod</param>
                    <param id="1" name="Image point (optional)">&quot;Origin&quot;</param>
                </action>
                <action behavior="Pin" id="0" name="Pin to object" sid="5528587658980971" type="famChassis">
                    <param id="0" name="Pin to">Pod</param>
                    <param id="1" name="Mode">0</param>
                </action>
                <action id="-13" name="Set boolean" sid="6463743302307303" type="famChassis">
                    <param id="0" name="Instance variable">Player</param>
                    <param id="1" name="Value">1</param>
                </action>
                <action id="-10" name="Set value" sid="46816789243378" type="Pod">
                    <param id="0" name="Instance variable">ChassisID</param>
                    <param id="1" name="Value">famChassis.UID</param>
                </action>
            </actions>
        </event-block>
        <event-block sid="6502647850146469">
            <conditions>
                <condition id="1" name="Is overlapping another object" sid="2809589139321971" type="Pod">
                    <param id="0" name="Object">famChassis</param>
                </condition>
                <condition id="-7" name="Compare instance variable" sid="9785482291599478" type="Pod">
                    <param id="0" name="Instance variable">ChassisID</param>
                    <param id="1" name="Comparison">4</param>
                    <param id="2" name="Value">0</param>
                </condition>
                <condition id="-8" inverted="1" name="Is boolean instance variable set" sid="4185811959219882" type="famChassis">
                    <param id="0" name="Instance variable">Enemy</param>
                </condition>
                <condition id="-8" inverted="1" name="Is boolean instance variable set" sid="9963068991357161" type="famChassis">
                    <param id="0" name="Instance variable">Player</param>
                </condition>
            </conditions>
            <actions>
                <action id="-10" name="Set value" sid="2269518516265059" type="famChassis">
                    <param id="0" name="Instance variable">Swap</param>
                    <param id="1" name="Value">1</param>
                </action>
            </actions>
            <sub-events>
                <event-block sid="804533119073578">
                    <conditions>
                        <condition id="-19" name="Pick all" sid="7218370734621812" type="System">
                            <param id="0" name="Object">famChassis</param>
                        </condition>
                    </conditions>
                    <actions />
                    <sub-events>
                        <event-block sid="8428654980804244">
                            <conditions>
                                <condition id="-33" name="Pick by comparison" sid="9095999196436828" type="System">
                                    <param id="0" name="Object">famChassis</param>
                                    <param id="1" name="Expression">famChassis.UID</param>
                                    <param id="2" name="Comparison">0</param>
                                    <param id="3" name="Value">Pod.ChassisID</param>
                                </condition>
                            </conditions>
                            <actions>
                                <action id="-9" name="Destroy" sid="599725930729673" type="famChassis" />
                            </actions>
                        </event-block>
                    </sub-events>
                </event-block>
                <event-block sid="9833939191930239">
                    <conditions>
                        <condition id="-19" name="Pick all" sid="1450237276210661" type="System">
                            <param id="0" name="Object">famChassis</param>
                        </condition>
                    </conditions>
                    <actions />
                    <sub-events>
                        <event-block sid="3686556406783059">
                            <conditions>
                                <condition id="-33" name="Pick by comparison" sid="635622848202533" type="System">
                                    <param id="0" name="Object">famChassis</param>
                                    <param id="1" name="Expression">famChassis.Swap</param>
                                    <param id="2" name="Comparison">0</param>
                                    <param id="3" name="Value">1</param>
                                </condition>
                            </conditions>
                            <actions>
                                <action id="-4" name="Set position to another object" sid="6267797440600299" type="famChassis">
                                    <param id="0" name="Object">Pod</param>
                                    <param id="1" name="Image point (optional)">&quot;Origin&quot;</param>
                                </action>
                                <action behavior="Pin" id="0" name="Pin to object" sid="1972506562975489" type="famChassis">
                                    <param id="0" name="Pin to">Pod</param>
                                    <param id="1" name="Mode">0</param>
                                </action>
                                <action id="-13" name="Set boolean" sid="3768878101786435" type="famChassis">
                                    <param id="0" name="Instance variable">Player</param>
                                    <param id="1" name="Value">1</param>
                                </action>
                                <action id="-10" name="Set value" sid="8019767908956332" type="Pod">
                                    <param id="0" name="Instance variable">ChassisID</param>
                                    <param id="1" name="Value">famChassis.UID</param>
                                </action>
                            </actions>
                        </event-block>
                    </sub-events>
                </event-block>
            </sub-events>
        </event-block>
        <comment>Left Wing</comment>
        <event-block sid="2741971065057503">
            <conditions>
                <condition id="1" name="Is overlapping another object" sid="1669209128648369" type="Pod">
                    <param id="0" name="Object">famLeftWing</param>
                </condition>
                <condition id="-8" inverted="1" name="Is boolean instance variable set" sid="5829402527159589" type="famLeftWing">
                    <param id="0" name="Instance variable">Enemy</param>
                </condition>
                <condition id="-7" name="Compare instance variable" sid="6666109536468687" type="Pod">
                    <param id="0" name="Instance variable">ChassisID</param>
                    <param id="1" name="Comparison">4</param>
                    <param id="2" name="Value">0</param>
                </condition>
                <condition id="-7" name="Compare instance variable" sid="9111844216741486" type="Pod">
                    <param id="0" name="Instance variable">LWingID</param>
                    <param id="1" name="Comparison">0</param>
                    <param id="2" name="Value">0</param>
                </condition>
                <condition id="-33" name="Pick by comparison" sid="6780210953476894" type="System">
                    <param id="0" name="Object">famChassis</param>
                    <param id="1" name="Expression">famChassis.UID</param>
                    <param id="2" name="Comparison">0</param>
                    <param id="3" name="Value">Pod.ChassisID</param>
                </condition>
            </conditions>
            <actions>
                <action id="-4" name="Set position to another object" sid="253826763488466" type="famLeftWing">
                    <param id="0" name="Object">famChassis</param>
                    <param id="1" name="Image point (optional)">&quot;AttLeft&quot;</param>
                </action>
                <action behavior="Pin" id="0" name="Pin to object" sid="3941983828530402" type="famLeftWing">
                    <param id="0" name="Pin to">famChassis</param>
                    <param id="1" name="Mode">0</param>
                </action>
                <action id="-13" name="Set boolean" sid="334282716713987" type="famLeftWing">
                    <param id="0" name="Instance variable">Player</param>
                    <param id="1" name="Value">1</param>
                </action>
                <action id="-10" name="Set value" sid="8133985299818994" type="Pod">
                    <param id="0" name="Instance variable">LWingID</param>
                    <param id="1" name="Value">famLeftWing.UID</param>
                </action>
            </actions>
        </event-block>
        <event-block sid="1459144448114119">
            <conditions>
                <condition id="1" name="Is overlapping another object" sid="9708594299452553" type="Pod">
                    <param id="0" name="Object">famLeftWing</param>
                </condition>
                <condition id="-7" name="Compare instance variable" sid="9121259292346" type="Pod">
                    <param id="0" name="Instance variable">ChassisID</param>
                    <param id="1" name="Comparison">4</param>
                    <param id="2" name="Value">0</param>
                </condition>
                <condition id="-7" name="Compare instance variable" sid="8360281996158022" type="Pod">
                    <param id="0" name="Instance variable">LWingID</param>
                    <param id="1" name="Comparison">4</param>
                    <param id="2" name="Value">0</param>
                </condition>
                <condition id="-8" inverted="1" name="Is boolean instance variable set" sid="4843591207686294" type="famLeftWing">
                    <param id="0" name="Instance variable">Enemy</param>
                </condition>
                <condition id="-8" inverted="1" name="Is boolean instance variable set" sid="2291633539054064" type="famLeftWing">
                    <param id="0" name="Instance variable">Player</param>
                </condition>
            </conditions>
            <actions>
                <action id="-10" name="Set value" sid="2940327656976246" type="famLeftWing">
                    <param id="0" name="Instance variable">Swap</param>
                    <param id="1" name="Value">1</param>
                </action>
            </actions>
            <sub-events>
                <event-block sid="1179319717869942">
                    <conditions>
                        <condition id="-19" name="Pick all" sid="5435291978304377" type="System">
                            <param id="0" name="Object">famLeftWing</param>
                        </condition>
                    </conditions>
                    <actions />
                    <sub-events>
                        <event-block sid="3096200849409168">
                            <conditions>
                                <condition id="-33" name="Pick by comparison" sid="993475649593297" type="System">
                                    <param id="0" name="Object">famLeftWing</param>
                                    <param id="1" name="Expression">famLeftWing.UID</param>
                                    <param id="2" name="Comparison">0</param>
                                    <param id="3" name="Value">Pod.LWingID</param>
                                </condition>
                            </conditions>
                            <actions>
                                <action id="-9" name="Destroy" sid="2826052285213549" type="famLeftWing" />
                            </actions>
                        </event-block>
                    </sub-events>
                </event-block>
                <event-block sid="2370821051516806">
                    <conditions>
                        <condition id="-33" name="Pick by comparison" sid="4814440651554043" type="System">
                            <param id="0" name="Object">famLeftWing</param>
                            <param id="1" name="Expression">famLeftWing.Swap</param>
                            <param id="2" name="Comparison">0</param>
                            <param id="3" name="Value">1</param>
                        </condition>
                        <condition id="-33" name="Pick by comparison" sid="2968874771191374" type="System">
                            <param id="0" name="Object">famChassis</param>
                            <param id="1" name="Expression">famChassis.UID</param>
                            <param id="2" name="Comparison">0</param>
                            <param id="3" name="Value">Pod.ChassisID</param>
                        </condition>
                    </conditions>
                    <actions>
                        <action id="-4" name="Set position to another object" sid="244449301120124" type="famLeftWing">
                            <param id="0" name="Object">famChassis</param>
                            <param id="1" name="Image point (optional)">&quot;AttLeft&quot;</param>
                        </action>
                        <action behavior="Pin" id="0" name="Pin to object" sid="3518619235572374" type="famLeftWing">
                            <param id="0" name="Pin to">famChassis</param>
                            <param id="1" name="Mode">0</param>
                        </action>
                        <action id="-13" name="Set boolean" sid="3971805491250352" type="famLeftWing">
                            <param id="0" name="Instance variable">Player</param>
                            <param id="1" name="Value">1</param>
                        </action>
                        <action id="-10" name="Set value" sid="2074218623421276" type="Pod">
                            <param id="0" name="Instance variable">LWingID</param>
                            <param id="1" name="Value">famLeftWing.UID</param>
                        </action>
                    </actions>
                </event-block>
            </sub-events>
        </event-block>
    </events>
</c2eventsheet>
