﻿<?xml version="1.0" encoding="utf-8" ?>
<c2eventsheet>
    <!--All the 'name' attributes are ignored by Construct 2 - they are there for readability only.-->
    <name>Player</name>
    <events>
        <comment>Attack body part to the pod and pin it</comment>
        <event-block sid="6995264183710989">
            <conditions>
                <condition id="-8" name="Is boolean instance variable set" sid="3887719497986217" type="Pod">
                    <param id="0" name="Instance variable">BodyAttached</param>
                </condition>
            </conditions>
            <actions />
            <sub-events>
                <event-block sid="7640640514047804">
                    <conditions>
                        <condition id="1" name="Is overlapping another object" sid="3437778831150704" type="ShipChassis">
                            <param id="0" name="Object">ShipWingLeft</param>
                        </condition>
                    </conditions>
                    <actions>
                        <action id="-13" name="Set boolean" sid="5044176370666131" type="ShipChassis">
                            <param id="0" name="Instance variable">LeftWingAttached</param>
                            <param id="1" name="Value">1</param>
                        </action>
                        <action id="-4" name="Set position to another object" sid="7766008160810211" type="ShipWingLeft">
                            <param id="0" name="Object">ShipChassis</param>
                            <param id="1" name="Image point (optional)">2</param>
                        </action>
                        <action behavior="Pin" id="0" name="Pin to object" sid="5440742208319365" type="ShipWingLeft">
                            <param id="0" name="Pin to">ShipChassis</param>
                            <param id="1" name="Mode">0</param>
                        </action>
                        <action id="0" name="Set text" sid="9543536253812743" type="txtLWing">
                            <param id="0" name="Text">&quot;L Wing: Basic&quot;</param>
                        </action>
                    </actions>
                </event-block>
                <event-block sid="3702799908959743">
                    <conditions>
                        <condition id="1" name="Is overlapping another object" sid="4406599485615341" type="ShipChassis">
                            <param id="0" name="Object">ShipWingRight</param>
                        </condition>
                    </conditions>
                    <actions>
                        <action id="-13" name="Set boolean" sid="5679770517705893" type="ShipChassis">
                            <param id="0" name="Instance variable">RightWingAttached</param>
                            <param id="1" name="Value">1</param>
                        </action>
                        <action id="-4" name="Set position to another object" sid="2840897953763909" type="ShipWingRight">
                            <param id="0" name="Object">ShipChassis</param>
                            <param id="1" name="Image point (optional)">3</param>
                        </action>
                        <action behavior="Pin" id="0" name="Pin to object" sid="7546175925829549" type="ShipWingRight">
                            <param id="0" name="Pin to">ShipChassis</param>
                            <param id="1" name="Mode">0</param>
                        </action>
                        <action id="0" name="Set text" sid="2715735883966181" type="txtRWing">
                            <param id="0" name="Text">&quot;R Wing: Basic&quot;</param>
                        </action>
                    </actions>
                </event-block>
                <event-block sid="5806076560061128">
                    <conditions>
                        <condition id="1" name="Is overlapping another object" sid="6340782094414972" type="ShipChassis">
                            <param id="0" name="Object">ShipEngine</param>
                        </condition>
                    </conditions>
                    <actions>
                        <action id="-13" name="Set boolean" sid="6916736742299287" type="ShipChassis">
                            <param id="0" name="Instance variable">EngineAttach</param>
                            <param id="1" name="Value">1</param>
                        </action>
                        <action id="-4" name="Set position to another object" sid="2438021328978988" type="ShipEngine">
                            <param id="0" name="Object">ShipChassis</param>
                            <param id="1" name="Image point (optional)">4</param>
                        </action>
                        <action behavior="Pin" id="0" name="Pin to object" sid="2863413687650584" type="ShipEngine">
                            <param id="0" name="Pin to">ShipChassis</param>
                            <param id="1" name="Mode">0</param>
                        </action>
                        <action id="0" name="Set text" sid="6515417897899793" type="txtEngine">
                            <param id="0" name="Text">&quot;Engine: Basic&quot;</param>
                        </action>
                    </actions>
                </event-block>
            </sub-events>
        </event-block>
        <event-block sid="8471617873863082">
            <conditions>
                <condition id="-22" name="Else" sid="6431364757092615" type="System" />
            </conditions>
            <actions />
            <sub-events>
                <event-block sid="1025348301454787">
                    <conditions>
                        <condition id="1" name="Is overlapping another object" sid="8599123501413755" type="Pod">
                            <param id="0" name="Object">ShipChassis</param>
                        </condition>
                    </conditions>
                    <actions>
                        <action id="-13" name="Set boolean" sid="9745074778635751" type="Pod">
                            <param id="0" name="Instance variable">BodyAttached</param>
                            <param id="1" name="Value">1</param>
                        </action>
                        <action id="-4" name="Set position to another object" sid="5040283340345472" type="Pod">
                            <param id="0" name="Object">ShipChassis</param>
                            <param id="1" name="Image point (optional)">1</param>
                        </action>
                        <action behavior="Pin" id="0" name="Pin to object" sid="6014180918937177" type="Pod">
                            <param id="0" name="Pin to">ShipChassis</param>
                            <param id="1" name="Mode">0</param>
                        </action>
                        <action id="0" name="Set text" sid="5699610690366995" type="txtChassis">
                            <param id="0" name="Text">&quot;Chassis: Basic&quot;</param>
                        </action>
                    </actions>
                </event-block>
            </sub-events>
        </event-block>
        <comment>Horizontal movement using Keyboard</comment>
        <event-block sid="9433475721116414">
            <conditions>
                <condition id="2" name="Key is down" sid="1853433749144536" type="Keyboard">
                    <param id="0" name="Key">39 (Right arrow)</param>
                </condition>
            </conditions>
            <actions />
            <sub-events>
                <event-block sid="8196000750789736">
                    <conditions>
                        <condition id="-8" name="Is boolean instance variable set" sid="4519300508737659" type="Pod">
                            <param id="0" name="Instance variable">BodyAttached</param>
                        </condition>
                        <condition id="1" name="Is overlapping another object" sid="4475547972209351" type="Pod">
                            <param id="0" name="Object">ShipChassis</param>
                        </condition>
                    </conditions>
                    <actions>
                        <action id="-1" name="Set X" sid="6813203767939666" type="ShipChassis">
                            <param id="0" name="X">ShipChassis.X+3</param>
                        </action>
                    </actions>
                </event-block>
                <event-block sid="6586688310647326">
                    <conditions>
                        <condition id="-22" name="Else" sid="8499480211528222" type="System" />
                    </conditions>
                    <actions>
                        <action id="-1" name="Set X" sid="6435321105616357" type="Pod">
                            <param id="0" name="X">Pod.X + 3</param>
                        </action>
                    </actions>
                </event-block>
            </sub-events>
        </event-block>
        <event-block sid="5802398855127492">
            <conditions>
                <condition id="2" name="Key is down" sid="2097497963304803" type="Keyboard">
                    <param id="0" name="Key">37 (Left arrow)</param>
                </condition>
            </conditions>
            <actions />
            <sub-events>
                <event-block sid="8063214251043238">
                    <conditions>
                        <condition id="-8" name="Is boolean instance variable set" sid="5256864718188228" type="Pod">
                            <param id="0" name="Instance variable">BodyAttached</param>
                        </condition>
                        <condition id="1" name="Is overlapping another object" sid="9338977631521577" type="Pod">
                            <param id="0" name="Object">ShipChassis</param>
                        </condition>
                    </conditions>
                    <actions>
                        <action id="-1" name="Set X" sid="8168634788685613" type="ShipChassis">
                            <param id="0" name="X">ShipChassis.X-3</param>
                        </action>
                    </actions>
                </event-block>
                <event-block sid="5557803277438837">
                    <conditions>
                        <condition id="-22" name="Else" sid="8408310944612377" type="System" />
                    </conditions>
                    <actions>
                        <action id="-1" name="Set X" sid="487990045572324" type="Pod">
                            <param id="0" name="X">Pod.X - 3</param>
                        </action>
                    </actions>
                </event-block>
            </sub-events>
        </event-block>
        <comment>Key for allowing the player to shoot. Limited to shooting once every 0.5 seconds</comment>
        <event-block sid="4660345634317437">
            <conditions>
                <condition id="2" name="Key is down" sid="7136230526148039" type="Keyboard">
                    <param id="0" name="Key">90 (Z)</param>
                </condition>
                <condition id="-6" name="Every X seconds" sid="2583762783743558" type="System">
                    <param id="0" name="Interval (seconds)">0.5</param>
                </condition>
            </conditions>
            <actions />
            <sub-events>
                <event-block sid="422316935263885">
                    <conditions>
                        <condition id="-8" name="Is boolean instance variable set" sid="4957490141972988" type="Pod">
                            <param id="0" name="Instance variable">BodyAttached</param>
                        </condition>
                    </conditions>
                    <actions />
                    <sub-events>
                        <event-block sid="4804710339870737">
                            <conditions>
                                <condition id="1" name="Is overlapping another object" sid="2269977853792356" type="Pod">
                                    <param id="0" name="Object">ShipChassis</param>
                                </condition>
                                <condition id="-8" name="Is boolean instance variable set" sid="9417658479270316" type="ShipChassis">
                                    <param id="0" name="Instance variable">LeftWingAttached</param>
                                </condition>
                                <condition id="1" name="Is overlapping another object" sid="7959446288276225" type="ShipChassis">
                                    <param id="0" name="Object">ShipWingLeft</param>
                                </condition>
                            </conditions>
                            <actions>
                                <action id="0" name="Spawn another object" sid="2610822694649843" type="ShipWingLeft">
                                    <param id="0" name="Object">projPodGun</param>
                                    <param id="1" name="Layer">&quot;Game&quot;</param>
                                    <param id="2" name="Image point">1</param>
                                </action>
                                <action id="0" name="Spawn another object" sid="299506830346835" type="projPodGun">
                                    <param id="0" name="Object">invPlayerBullet</param>
                                    <param id="1" name="Layer">&quot;Game&quot;</param>
                                    <param id="2" name="Image point">0</param>
                                </action>
                                <action behavior="Pin" id="0" name="Pin to object" sid="2229603123918271" type="invPlayerBullet">
                                    <param id="0" name="Pin to">projPodGun</param>
                                    <param id="1" name="Mode">0</param>
                                </action>
                                <action id="-10" name="Set value" sid="857756466913264" type="invPlayerBullet">
                                    <param id="0" name="Instance variable">ImageID</param>
                                    <param id="1" name="Value">projPodGun.UID</param>
                                </action>
                            </actions>
                        </event-block>
                    </sub-events>
                </event-block>
            </sub-events>
        </event-block>
        <event-block sid="8705252482858974">
            <conditions>
                <condition id="2" name="Key is down" sid="5032534036901594" type="Keyboard">
                    <param id="0" name="Key">67 (C)</param>
                </condition>
                <condition id="-6" name="Every X seconds" sid="5603753395553406" type="System">
                    <param id="0" name="Interval (seconds)">0.5</param>
                </condition>
            </conditions>
            <actions />
            <sub-events>
                <event-block sid="3315354038111725">
                    <conditions>
                        <condition id="-8" name="Is boolean instance variable set" sid="2583137635209279" type="Pod">
                            <param id="0" name="Instance variable">BodyAttached</param>
                        </condition>
                    </conditions>
                    <actions />
                    <sub-events>
                        <event-block sid="6289259826781043">
                            <conditions>
                                <condition id="1" name="Is overlapping another object" sid="7735266910186293" type="Pod">
                                    <param id="0" name="Object">ShipChassis</param>
                                </condition>
                                <condition id="-8" name="Is boolean instance variable set" sid="5807288237518997" type="ShipChassis">
                                    <param id="0" name="Instance variable">RightWingAttached</param>
                                </condition>
                                <condition id="1" name="Is overlapping another object" sid="3365247952717888" type="ShipChassis">
                                    <param id="0" name="Object">ShipWingRight</param>
                                </condition>
                            </conditions>
                            <actions>
                                <action id="0" name="Spawn another object" sid="9560458173168698" type="ShipWingRight">
                                    <param id="0" name="Object">projPodGun</param>
                                    <param id="1" name="Layer">&quot;Game&quot;</param>
                                    <param id="2" name="Image point">0</param>
                                </action>
                                <action id="0" name="Spawn another object" sid="5901578091081188" type="projPodGun">
                                    <param id="0" name="Object">invPlayerBullet</param>
                                    <param id="1" name="Layer">&quot;Game&quot;</param>
                                    <param id="2" name="Image point">0</param>
                                </action>
                                <action behavior="Pin" id="0" name="Pin to object" sid="1230739685929243" type="invPlayerBullet">
                                    <param id="0" name="Pin to">projPodGun</param>
                                    <param id="1" name="Mode">0</param>
                                </action>
                                <action id="-10" name="Set value" sid="6124882855532125" type="invPlayerBullet">
                                    <param id="0" name="Instance variable">ImageID</param>
                                    <param id="1" name="Value">projPodGun.UID</param>
                                </action>
                            </actions>
                        </event-block>
                    </sub-events>
                </event-block>
            </sub-events>
        </event-block>
        <event-block sid="2104182424766996">
            <conditions>
                <condition id="2" name="Key is down" sid="8751288162937018" type="Keyboard">
                    <param id="0" name="Key">88 (X)</param>
                </condition>
                <condition id="-6" name="Every X seconds" sid="8851830638386659" type="System">
                    <param id="0" name="Interval (seconds)">0.5</param>
                </condition>
            </conditions>
            <actions />
            <sub-events>
                <event-block sid="5471185767199443">
                    <conditions>
                        <condition id="-8" name="Is boolean instance variable set" sid="1905856338492325" type="Pod">
                            <param id="0" name="Instance variable">BodyAttached</param>
                        </condition>
                        <condition id="1" name="Is overlapping another object" sid="8610922644797055" type="Pod">
                            <param id="0" name="Object">ShipChassis</param>
                        </condition>
                    </conditions>
                    <actions>
                        <action id="0" name="Spawn another object" sid="4394233081312259" type="ShipChassis">
                            <param id="0" name="Object">projPodGun</param>
                            <param id="1" name="Layer">&quot;Game&quot;</param>
                            <param id="2" name="Image point">1</param>
                        </action>
                        <action id="0" name="Spawn another object" sid="6154892700604405" type="projPodGun">
                            <param id="0" name="Object">invPlayerBullet</param>
                            <param id="1" name="Layer">&quot;Game&quot;</param>
                            <param id="2" name="Image point">0</param>
                        </action>
                        <action behavior="Pin" id="0" name="Pin to object" sid="7922969142450557" type="invPlayerBullet">
                            <param id="0" name="Pin to">projPodGun</param>
                            <param id="1" name="Mode">0</param>
                        </action>
                        <action id="-10" name="Set value" sid="230105438960826" type="invPlayerBullet">
                            <param id="0" name="Instance variable">ImageID</param>
                            <param id="1" name="Value">projPodGun.UID</param>
                        </action>
                    </actions>
                </event-block>
                <event-block sid="7249230167662505">
                    <conditions>
                        <condition id="-8" inverted="1" name="Is boolean instance variable set" sid="2263047681354104" type="Pod">
                            <param id="0" name="Instance variable">BodyAttached</param>
                        </condition>
                    </conditions>
                    <actions>
                        <action id="0" name="Spawn another object" sid="43871243039241" type="Pod">
                            <param id="0" name="Object">projPodGun</param>
                            <param id="1" name="Layer">&quot;Game&quot;</param>
                            <param id="2" name="Image point">0</param>
                        </action>
                        <action id="0" name="Spawn another object" sid="9672447000561091" type="projPodGun">
                            <param id="0" name="Object">invPlayerBullet</param>
                            <param id="1" name="Layer">&quot;Game&quot;</param>
                            <param id="2" name="Image point">0</param>
                        </action>
                        <action behavior="Pin" id="0" name="Pin to object" sid="778313146703007" type="invPlayerBullet">
                            <param id="0" name="Pin to">projPodGun</param>
                            <param id="1" name="Mode">0</param>
                        </action>
                        <action id="-10" name="Set value" sid="7134541633480874" type="invPlayerBullet">
                            <param id="0" name="Instance variable">ImageID</param>
                            <param id="1" name="Value">projPodGun.UID</param>
                        </action>
                    </actions>
                </event-block>
            </sub-events>
        </event-block>
    </events>
</c2eventsheet>
